Cow_ID;Trt;Week;Block;Block;Sum_Steps;Experiment
2041;Outdoor;1;6;6_F2019;1196;F2019
2041;Outdoor;1;6;6_F2019;761;F2019
2041;Outdoor;1;6;6_F2019;1182;F2019
2041;Outdoor;1;6;6_F2019;883;F2019
2041;Outdoor;2;6;6_F2019;1255;F2019
2041;Outdoor;2;6;6_F2019;1075;F2019
2041;Outdoor;2;6;6_F2019;1063;F2019
2041;Outdoor;2;6;6_F2019;1045;F2019
2041;Outdoor;2;6;6_F2019;539;F2019
2041;Outdoor;3;6;6_F2019;1072;F2019
2041;Outdoor;3;6;6_F2019;793;F2019
2041;Outdoor;3;6;6_F2019;868;F2019
2041;Outdoor;3;6;6_F2019;713;F2019
2041;Outdoor;3;6;6_F2019;684;F2019
2041;Outdoor;4;6;6_F2019;1011;F2019
2041;Outdoor;4;6;6_F2019;827;F2019
2041;Outdoor;4;6;6_F2019;850;F2019
2041;Outdoor;4;6;6_F2019;794;F2019
2041;Outdoor;4;6;6_F2019;581;F2019
2041;Outdoor;5;6;6_F2019;531;F2019
2041;Outdoor;5;6;6_F2019;617;F2019
2041;Outdoor;5;6;6_F2019;582;F2019
2041;Outdoor;5;6;6_F2019;461;F2019
2041;Outdoor;5;6;6_F2019;523;F2019
2057;Outdoor;1;5;5_F2019;907;F2019
2057;Outdoor;1;5;5_F2019;291;F2019
2057;Outdoor;1;5;5_F2019;576;F2019
2057;Outdoor;1;5;5_F2019;670;F2019
2057;Outdoor;2;5;5_F2019;587;F2019
2057;Outdoor;2;5;5_F2019;587;F2019
2057;Outdoor;2;5;5_F2019;688;F2019
2057;Outdoor;2;5;5_F2019;659;F2019
2057;Outdoor;2;5;5_F2019;769;F2019
2057;Outdoor;3;5;5_F2019;1286;F2019
2057;Outdoor;3;5;5_F2019;461;F2019
2057;Outdoor;3;5;5_F2019;1127;F2019
2057;Outdoor;3;5;5_F2019;733;F2019
2057;Outdoor;3;5;5_F2019;537;F2019
2057;Outdoor;4;5;5_F2019;582;F2019
2057;Outdoor;4;5;5_F2019;561;F2019
2057;Outdoor;4;5;5_F2019;481;F2019
2057;Outdoor;4;5;5_F2019;627;F2019
2057;Outdoor;4;5;5_F2019;641;F2019
2057;Outdoor;5;5;5_F2019;665;F2019
2057;Outdoor;5;5;5_F2019;533;F2019
2057;Outdoor;5;5;5_F2019;724;F2019
2057;Outdoor;5;5;5_F2019;946;F2019
2057;Outdoor;5;5;5_F2019;463;F2019
2062;Outdoor;1;6;6_F2019;432;F2019
2062;Outdoor;1;6;6_F2019;193;F2019
2062;Outdoor;1;6;6_F2019;476;F2019
2062;Outdoor;1;6;6_F2019;398;F2019
2062;Outdoor;2;6;6_F2019;585;F2019
2062;Outdoor;2;6;6_F2019;605;F2019
2062;Outdoor;2;6;6_F2019;536;F2019
2062;Outdoor;2;6;6_F2019;837;F2019
2062;Outdoor;2;6;6_F2019;639;F2019
2062;Outdoor;3;6;6_F2019;808;F2019
2062;Outdoor;3;6;6_F2019;642;F2019
2062;Outdoor;3;6;6_F2019;609;F2019
2062;Outdoor;3;6;6_F2019;604;F2019
2062;Outdoor;3;6;6_F2019;415;F2019
2062;Outdoor;4;6;6_F2019;570;F2019
2062;Outdoor;4;6;6_F2019;495;F2019
2062;Outdoor;4;6;6_F2019;479;F2019
2062;Outdoor;4;6;6_F2019;396;F2019
2062;Outdoor;4;6;6_F2019;493;F2019
2062;Outdoor;5;6;6_F2019;512;F2019
2062;Outdoor;5;6;6_F2019;456;F2019
2062;Outdoor;5;6;6_F2019;679;F2019
2062;Outdoor;5;6;6_F2019;650;F2019
2062;Outdoor;5;6;6_F2019;614;F2019
2066;Outdoor;1;4;4_F2019;1290;F2019
2066;Outdoor;1;4;4_F2019;570;F2019
2066;Outdoor;1;4;4_F2019;943;F2019
2066;Outdoor;1;4;4_F2019;855;F2019
2066;Outdoor;2;4;4_F2019;900;F2019
2066;Outdoor;2;4;4_F2019;857;F2019
2066;Outdoor;2;4;4_F2019;854;F2019
2066;Outdoor;2;4;4_F2019;776;F2019
2066;Outdoor;2;4;4_F2019;737;F2019
2066;Outdoor;3;4;4_F2019;800;F2019
2066;Outdoor;3;4;4_F2019;742;F2019
2066;Outdoor;3;4;4_F2019;890;F2019
2066;Outdoor;3;4;4_F2019;1010;F2019
2066;Outdoor;3;4;4_F2019;1036;F2019
2066;Outdoor;4;4;4_F2019;1138;F2019
2066;Outdoor;4;4;4_F2019;935;F2019
2066;Outdoor;4;4;4_F2019;845;F2019
2066;Outdoor;4;4;4_F2019;831;F2019
2066;Outdoor;4;4;4_F2019;696;F2019
2066;Outdoor;5;4;4_F2019;864;F2019
2066;Outdoor;5;4;4_F2019;842;F2019
2066;Outdoor;5;4;4_F2019;767;F2019
2066;Outdoor;5;4;4_F2019;733;F2019
2066;Outdoor;5;4;4_F2019;570;F2019
2081;Outdoor;1;3;3_F2019;518;F2019
2081;Outdoor;1;3;3_F2019;822;F2019
2081;Outdoor;1;3;3_F2019;801;F2019
2081;Outdoor;2;3;3_F2019;867;F2019
2081;Outdoor;2;3;3_F2019;715;F2019
2081;Outdoor;2;3;3_F2019;687;F2019
2081;Outdoor;2;3;3_F2019;628;F2019
2081;Outdoor;2;3;3_F2019;657;F2019
2081;Outdoor;3;3;3_F2019;659;F2019
2081;Outdoor;3;3;3_F2019;606;F2019
2081;Outdoor;3;3;3_F2019;548;F2019
2081;Outdoor;3;3;3_F2019;624;F2019
2081;Outdoor;3;3;3_F2019;562;F2019
2081;Outdoor;4;3;3_F2019;677;F2019
2081;Outdoor;4;3;3_F2019;579;F2019
2081;Outdoor;4;3;3_F2019;497;F2019
2081;Outdoor;4;3;3_F2019;634;F2019
2081;Outdoor;4;3;3_F2019;562;F2019
2081;Outdoor;5;3;3_F2019;587;F2019
2081;Outdoor;5;3;3_F2019;614;F2019
2081;Outdoor;5;3;3_F2019;533;F2019
2081;Outdoor;5;3;3_F2019;492;F2019
2081;Outdoor;5;3;3_F2019;453;F2019
3437;Outdoor;1;5;5_F2019;2079;F2019
3437;Outdoor;1;5;5_F2019;1386;F2019
3437;Outdoor;1;5;5_F2019;1853;F2019
3437;Outdoor;1;5;5_F2019;1460;F2019
3437;Outdoor;2;5;5_F2019;1465;F2019
3437;Outdoor;2;5;5_F2019;1387;F2019
3437;Outdoor;2;5;5_F2019;1367;F2019
3437;Outdoor;2;5;5_F2019;1839;F2019
3437;Outdoor;2;5;5_F2019;1015;F2019
3437;Outdoor;3;5;5_F2019;1225;F2019
3437;Outdoor;3;5;5_F2019;1100;F2019
3437;Outdoor;3;5;5_F2019;1204;F2019
3437;Outdoor;3;5;5_F2019;980;F2019
3437;Outdoor;3;5;5_F2019;896;F2019
3437;Outdoor;4;5;5_F2019;1039;F2019
3437;Outdoor;4;5;5_F2019;846;F2019
3437;Outdoor;4;5;5_F2019;863;F2019
3437;Outdoor;4;5;5_F2019;807;F2019
3437;Outdoor;4;5;5_F2019;930;F2019
3437;Outdoor;5;5;5_F2019;980;F2019
3437;Outdoor;5;5;5_F2019;1120;F2019
3437;Outdoor;5;5;5_F2019;553;F2019
3437;Outdoor;5;5;5_F2019;1650;F2019
3437;Outdoor;5;5;5_F2019;1044;F2019
3444;Outdoor;1;4;4_F2019;1503;F2019
3444;Outdoor;1;4;4_F2019;652;F2019
3444;Outdoor;1;4;4_F2019;1257;F2019
3444;Outdoor;1;4;4_F2019;1151;F2019
3444;Outdoor;2;4;4_F2019;1396;F2019
3444;Outdoor;2;4;4_F2019;1093;F2019
3444;Outdoor;2;4;4_F2019;1014;F2019
3444;Outdoor;2;4;4_F2019;744;F2019
3444;Outdoor;2;4;4_F2019;568;F2019
3444;Outdoor;3;4;4_F2019;890;F2019
3444;Outdoor;3;4;4_F2019;720;F2019
3444;Outdoor;3;4;4_F2019;668;F2019
3444;Outdoor;3;4;4_F2019;774;F2019
3444;Outdoor;3;4;4_F2019;718;F2019
3444;Outdoor;4;4;4_F2019;933;F2019
3444;Outdoor;4;4;4_F2019;749;F2019
3444;Outdoor;4;4;4_F2019;934;F2019
3444;Outdoor;4;4;4_F2019;1142;F2019
3444;Outdoor;4;4;4_F2019;676;F2019
3444;Outdoor;5;4;4_F2019;940;F2019
3444;Outdoor;5;4;4_F2019;1100;F2019
3444;Outdoor;5;4;4_F2019;682;F2019
3444;Outdoor;5;4;4_F2019;664;F2019
3444;Outdoor;5;4;4_F2019;683;F2019
5854;Outdoor;1;5;5_F2019;1445;F2019
5854;Outdoor;1;5;5_F2019;913;F2019
5854;Outdoor;1;5;5_F2019;1102;F2019
5854;Outdoor;1;5;5_F2019;1071;F2019
5854;Outdoor;2;5;5_F2019;1176;F2019
5854;Outdoor;2;5;5_F2019;1020;F2019
5854;Outdoor;2;5;5_F2019;1071;F2019
5854;Outdoor;2;5;5_F2019;818;F2019
5854;Outdoor;2;5;5_F2019;485;F2019
5854;Outdoor;3;5;5_F2019;716;F2019
5854;Outdoor;3;5;5_F2019;615;F2019
5854;Outdoor;3;5;5_F2019;486;F2019
5854;Outdoor;3;5;5_F2019;624;F2019
5854;Outdoor;3;5;5_F2019;685;F2019
5854;Outdoor;4;5;5_F2019;490;F2019
5854;Outdoor;4;5;5_F2019;257;F2019
5854;Outdoor;4;5;5_F2019;324;F2019
5854;Outdoor;4;5;5_F2019;507;F2019
5854;Outdoor;4;5;5_F2019;533;F2019
5854;Outdoor;5;5;5_F2019;603;F2019
5854;Outdoor;5;5;5_F2019;650;F2019
5854;Outdoor;5;5;5_F2019;654;F2019
5854;Outdoor;5;5;5_F2019;585;F2019
5854;Outdoor;5;5;5_F2019;679;F2019
5865;Outdoor;1;6;6_F2019;1818;F2019
5865;Outdoor;1;6;6_F2019;1208;F2019
5865;Outdoor;1;6;6_F2019;1329;F2019
5865;Outdoor;1;6;6_F2019;1087;F2019
5865;Outdoor;2;6;6_F2019;1469;F2019
5865;Outdoor;2;6;6_F2019;1085;F2019
5865;Outdoor;2;6;6_F2019;1053;F2019
5865;Outdoor;2;6;6_F2019;1621;F2019
5865;Outdoor;2;6;6_F2019;732;F2019
5865;Outdoor;3;6;6_F2019;894;F2019
5865;Outdoor;3;6;6_F2019;755;F2019
5865;Outdoor;3;6;6_F2019;848;F2019
5865;Outdoor;3;6;6_F2019;722;F2019
5865;Outdoor;3;6;6_F2019;648;F2019
5865;Outdoor;4;6;6_F2019;756;F2019
5865;Outdoor;4;6;6_F2019;814;F2019
5865;Outdoor;4;6;6_F2019;793;F2019
5865;Outdoor;4;6;6_F2019;800;F2019
5865;Outdoor;4;6;6_F2019;736;F2019
5865;Outdoor;5;6;6_F2019;796;F2019
5865;Outdoor;5;6;6_F2019;713;F2019
5865;Outdoor;5;6;6_F2019;650;F2019
5865;Outdoor;5;6;6_F2019;966;F2019
5865;Outdoor;5;6;6_F2019;739;F2019
5874;Outdoor;1;3;3_F2019;1075;F2019
5874;Outdoor;1;3;3_F2019;377;F2019
5874;Outdoor;1;3;3_F2019;698;F2019
5874;Outdoor;1;3;3_F2019;653;F2019
5874;Outdoor;2;3;3_F2019;1007;F2019
5874;Outdoor;2;3;3_F2019;824;F2019
5874;Outdoor;2;3;3_F2019;884;F2019
5874;Outdoor;2;3;3_F2019;1131;F2019
5874;Outdoor;2;3;3_F2019;837;F2019
5874;Outdoor;3;3;3_F2019;1180;F2019
5874;Outdoor;3;3;3_F2019;967;F2019
5874;Outdoor;3;3;3_F2019;898;F2019
5874;Outdoor;3;3;3_F2019;959;F2019
5874;Outdoor;3;3;3_F2019;842;F2019
5874;Outdoor;4;3;3_F2019;914;F2019
5874;Outdoor;4;3;3_F2019;1026;F2019
5874;Outdoor;4;3;3_F2019;1305;F2019
5874;Outdoor;4;3;3_F2019;1072;F2019
5874;Outdoor;4;3;3_F2019;1120;F2019
5874;Outdoor;5;3;3_F2019;814;F2019
5874;Outdoor;5;3;3_F2019;850;F2019
5874;Outdoor;5;3;3_F2019;820;F2019
5874;Outdoor;5;3;3_F2019;926;F2019
5874;Outdoor;5;3;3_F2019;985;F2019
5875;Outdoor;1;3;3_F2019;929;F2019
5875;Outdoor;1;3;3_F2019;532;F2019
5875;Outdoor;1;3;3_F2019;676;F2019
5875;Outdoor;1;3;3_F2019;711;F2019
5875;Outdoor;2;3;3_F2019;952;F2019
5875;Outdoor;2;3;3_F2019;883;F2019
5875;Outdoor;2;3;3_F2019;813;F2019
5875;Outdoor;2;3;3_F2019;821;F2019
5875;Outdoor;2;3;3_F2019;820;F2019
5875;Outdoor;3;3;3_F2019;1026;F2019
5875;Outdoor;3;3;3_F2019;948;F2019
5875;Outdoor;3;3;3_F2019;742;F2019
5875;Outdoor;3;3;3_F2019;782;F2019
5875;Outdoor;3;3;3_F2019;667;F2019
5875;Outdoor;4;3;3_F2019;934;F2019
5875;Outdoor;4;3;3_F2019;838;F2019
5875;Outdoor;4;3;3_F2019;827;F2019
5875;Outdoor;4;3;3_F2019;746;F2019
5875;Outdoor;4;3;3_F2019;691;F2019
5875;Outdoor;5;3;3_F2019;852;F2019
5875;Outdoor;5;3;3_F2019;686;F2019
5875;Outdoor;5;3;3_F2019;660;F2019
5875;Outdoor;5;3;3_F2019;733;F2019
5875;Outdoor;5;3;3_F2019;575;F2019
5879;Outdoor;1;4;4_F2019;691;F2019
5879;Outdoor;1;4;4_F2019;92;F2019
5879;Outdoor;1;4;4_F2019;374;F2019
5879;Outdoor;1;4;4_F2019;358;F2019
5879;Outdoor;2;4;4_F2019;725;F2019
5879;Outdoor;2;4;4_F2019;568;F2019
5879;Outdoor;2;4;4_F2019;533;F2019
5879;Outdoor;2;4;4_F2019;396;F2019
5879;Outdoor;2;4;4_F2019;351;F2019
5879;Outdoor;3;4;4_F2019;468;F2019
5879;Outdoor;3;4;4_F2019;417;F2019
5879;Outdoor;3;4;4_F2019;426;F2019
5879;Outdoor;3;4;4_F2019;653;F2019
5879;Outdoor;3;4;4_F2019;744;F2019
5879;Outdoor;4;4;4_F2019;654;F2019
5879;Outdoor;4;4;4_F2019;217;F2019
5879;Outdoor;4;4;4_F2019;645;F2019
5879;Outdoor;4;4;4_F2019;484;F2019
5879;Outdoor;4;4;4_F2019;350;F2019
5879;Outdoor;5;4;4_F2019;398;F2019
5879;Outdoor;5;4;4_F2019;361;F2019
5879;Outdoor;5;4;4_F2019;314;F2019
5879;Outdoor;5;4;4_F2019;343;F2019
5879;Outdoor;5;4;4_F2019;179;F2019
8517;Outdoor;1;2;2_F2019;1281;F2019
8517;Outdoor;1;2;2_F2019;402;F2019
8517;Outdoor;1;2;2_F2019;862;F2019
8517;Outdoor;1;2;2_F2019;875;F2019
8517;Outdoor;2;2;2_F2019;946;F2019
8517;Outdoor;2;2;2_F2019;838;F2019
8517;Outdoor;2;2;2_F2019;942;F2019
8517;Outdoor;2;2;2_F2019;924;F2019
8517;Outdoor;2;2;2_F2019;731;F2019
8517;Outdoor;3;2;2_F2019;1184;F2019
8517;Outdoor;3;2;2_F2019;756;F2019
8517;Outdoor;3;2;2_F2019;587;F2019
8517;Outdoor;3;2;2_F2019;767;F2019
8517;Outdoor;3;2;2_F2019;667;F2019
8517;Outdoor;4;2;2_F2019;766;F2019
8517;Outdoor;4;2;2_F2019;759;F2019
8517;Outdoor;4;2;2_F2019;758;F2019
8517;Outdoor;4;2;2_F2019;932;F2019
8517;Outdoor;4;2;2_F2019;845;F2019
8517;Outdoor;5;2;2_F2019;1031;F2019
8517;Outdoor;5;2;2_F2019;811;F2019
8517;Outdoor;5;2;2_F2019;786;F2019
8517;Outdoor;5;2;2_F2019;743;F2019
8517;Outdoor;5;2;2_F2019;712;F2019
8526;Outdoor;1;1;1_F2019;1910;F2019
8526;Outdoor;1;1;1_F2019;569;F2019
8526;Outdoor;1;1;1_F2019;1575;F2019
8526;Outdoor;1;1;1_F2019;1306;F2019
8526;Outdoor;2;1;1_F2019;1591;F2019
8526;Outdoor;2;1;1_F2019;1030;F2019
8526;Outdoor;2;1;1_F2019;1153;F2019
8526;Outdoor;2;1;1_F2019;1145;F2019
8526;Outdoor;2;1;1_F2019;827;F2019
8526;Outdoor;3;1;1_F2019;1429;F2019
8526;Outdoor;3;1;1_F2019;1051;F2019
8526;Outdoor;3;1;1_F2019;967;F2019
8526;Outdoor;3;1;1_F2019;1049;F2019
8526;Outdoor;3;1;1_F2019;1015;F2019
8526;Outdoor;4;1;1_F2019;1015;F2019
8526;Outdoor;4;1;1_F2019;736;F2019
8526;Outdoor;4;1;1_F2019;580;F2019
8526;Outdoor;4;1;1_F2019;634;F2019
8526;Outdoor;4;1;1_F2019;660;F2019
8526;Outdoor;5;1;1_F2019;850;F2019
8526;Outdoor;5;1;1_F2019;677;F2019
8526;Outdoor;5;1;1_F2019;590;F2019
8526;Outdoor;5;1;1_F2019;635;F2019
8526;Outdoor;5;1;1_F2019;622;F2019
8527;Outdoor;1;2;2_F2019;934;F2019
8527;Outdoor;1;2;2_F2019;342;F2019
8527;Outdoor;1;2;2_F2019;568;F2019
8527;Outdoor;1;2;2_F2019;486;F2019
8527;Outdoor;2;2;2_F2019;511;F2019
8527;Outdoor;2;2;2_F2019;754;F2019
8527;Outdoor;2;2;2_F2019;676;F2019
8527;Outdoor;2;2;2_F2019;499;F2019
8527;Outdoor;2;2;2_F2019;490;F2019
8527;Outdoor;3;2;2_F2019;225;F2019
8527;Outdoor;3;2;2_F2019;344;F2019
8527;Outdoor;3;2;2_F2019;718;F2019
8527;Outdoor;3;2;2_F2019;565;F2019
8527;Outdoor;3;2;2_F2019;602;F2019
8527;Outdoor;4;2;2_F2019;214;F2019
8527;Outdoor;4;2;2_F2019;499;F2019
8527;Outdoor;4;2;2_F2019;490;F2019
8527;Outdoor;4;2;2_F2019;577;F2019
8527;Outdoor;4;2;2_F2019;613;F2019
8527;Outdoor;5;2;2_F2019;718;F2019
8527;Outdoor;5;2;2_F2019;565;F2019
8527;Outdoor;5;2;2_F2019;602;F2019
8527;Outdoor;5;2;2_F2019;514;F2019
8527;Outdoor;5;2;2_F2019;608;F2019
2063;Stall;1;4;4_F2019;407;F2019
2063;Stall;1;4;4_F2019;615;F2019
2063;Stall;1;4;4_F2019;501;F2019
2063;Stall;1;4;4_F2019;350;F2019
2063;Stall;2;4;4_F2019;377;F2019
2063;Stall;2;4;4_F2019;308;F2019
2063;Stall;2;4;4_F2019;706;F2019
2063;Stall;2;4;4_F2019;527;F2019
2063;Stall;2;4;4_F2019;749;F2019
2063;Stall;3;4;4_F2019;661;F2019
2063;Stall;3;4;4_F2019;721;F2019
2063;Stall;3;4;4_F2019;708;F2019
2063;Stall;3;4;4_F2019;707;F2019
2063;Stall;3;4;4_F2019;596;F2019
2063;Stall;4;4;4_F2019;632;F2019
2063;Stall;4;4;4_F2019;815;F2019
2063;Stall;4;4;4_F2019;575;F2019
2063;Stall;4;4;4_F2019;483;F2019
2063;Stall;4;4;4_F2019;373;F2019
2063;Stall;5;4;4_F2019;425;F2019
2063;Stall;5;4;4_F2019;419;F2019
2063;Stall;5;4;4_F2019;324;F2019
2063;Stall;5;4;4_F2019;1273;F2019
2078;Stall;1;3;3_F2019;414;F2019
2078;Stall;1;3;3_F2019;341;F2019
2078;Stall;1;3;3_F2019;291;F2019
2078;Stall;1;3;3_F2019;378;F2019
2078;Stall;2;3;3_F2019;418;F2019
2078;Stall;2;3;3_F2019;517;F2019
2078;Stall;2;3;3_F2019;651;F2019
2078;Stall;2;3;3_F2019;510;F2019
2078;Stall;3;3;3_F2019;486;F2019
2078;Stall;3;3;3_F2019;422;F2019
2078;Stall;3;3;3_F2019;353;F2019
2078;Stall;3;3;3_F2019;340;F2019
2078;Stall;3;3;3_F2019;244;F2019
2078;Stall;4;3;3_F2019;379;F2019
2078;Stall;4;3;3_F2019;287;F2019
2078;Stall;4;3;3_F2019;343;F2019
2078;Stall;4;3;3_F2019;270;F2019
2078;Stall;4;3;3_F2019;271;F2019
2078;Stall;5;3;3_F2019;230;F2019
2078;Stall;5;3;3_F2019;341;F2019
2078;Stall;5;3;3_F2019;272;F2019
2078;Stall;5;3;3_F2019;366;F2019
2078;Stall;5;3;3_F2019;1285;F2019
3435;Stall;1;3;3_F2019;594;F2019
3435;Stall;1;3;3_F2019;656;F2019
3435;Stall;1;3;3_F2019;896;F2019
3435;Stall;1;3;3_F2019;964;F2019
3435;Stall;2;3;3_F2019;996;F2019
3435;Stall;2;3;3_F2019;1014;F2019
3435;Stall;2;3;3_F2019;1035;F2019
3435;Stall;2;3;3_F2019;633;F2019
3435;Stall;2;3;3_F2019;985;F2019
3435;Stall;3;3;3_F2019;752;F2019
3435;Stall;3;3;3_F2019;1117;F2019
3435;Stall;3;3;3_F2019;944;F2019
3435;Stall;3;3;3_F2019;903;F2019
3435;Stall;4;3;3_F2019;903;F2019
3435;Stall;4;3;3_F2019;598;F2019
3435;Stall;4;3;3_F2019;465;F2019
3435;Stall;4;3;3_F2019;449;F2019
3435;Stall;4;3;3_F2019;391;F2019
3435;Stall;5;3;3_F2019;580;F2019
3435;Stall;5;3;3_F2019;567;F2019
3435;Stall;5;3;3_F2019;395;F2019
3435;Stall;5;3;3_F2019;462;F2019
3435;Stall;5;3;3_F2019;502;F2019
5327;Stall;1;6;6_F2019;99;F2019
5327;Stall;1;6;6_F2019;52;F2019
5327;Stall;1;6;6_F2019;82;F2019
5327;Stall;1;6;6_F2019;73;F2019
5327;Stall;2;6;6_F2019;62;F2019
5327;Stall;2;6;6_F2019;81;F2019
5327;Stall;2;6;6_F2019;66;F2019
5327;Stall;2;6;6_F2019;63;F2019
5327;Stall;2;6;6_F2019;50;F2019
5327;Stall;3;6;6_F2019;55;F2019
5327;Stall;3;6;6_F2019;68;F2019
5327;Stall;3;6;6_F2019;104;F2019
5327;Stall;3;6;6_F2019;107;F2019
5327;Stall;3;6;6_F2019;55;F2019
5327;Stall;4;6;6_F2019;74;F2019
5327;Stall;4;6;6_F2019;80;F2019
5327;Stall;4;6;6_F2019;57;F2019
5327;Stall;4;6;6_F2019;44;F2019
5327;Stall;4;6;6_F2019;120;F2019
5327;Stall;5;6;6_F2019;182;F2019
5327;Stall;5;6;6_F2019;245;F2019
5327;Stall;5;6;6_F2019;212;F2019
5327;Stall;5;6;6_F2019;228;F2019
5327;Stall;5;6;6_F2019;229;F2019
5857;Stall;1;6;6_F2019;881;F2019
5857;Stall;1;6;6_F2019;1130;F2019
5857;Stall;1;6;6_F2019;964;F2019
5857;Stall;1;6;6_F2019;1041;F2019
5857;Stall;2;6;6_F2019;1105;F2019
5857;Stall;2;6;6_F2019;1499;F2019
5857;Stall;2;6;6_F2019;1734;F2019
5857;Stall;2;6;6_F2019;1479;F2019
5857;Stall;2;6;6_F2019;835;F2019
5857;Stall;3;6;6_F2019;785;F2019
5857;Stall;3;6;6_F2019;908;F2019
5857;Stall;3;6;6_F2019;674;F2019
5857;Stall;3;6;6_F2019;823;F2019
5857;Stall;3;6;6_F2019;1207;F2019
5857;Stall;4;6;6_F2019;1584;F2019
5857;Stall;4;6;6_F2019;1508;F2019
5857;Stall;4;6;6_F2019;1015;F2019
5857;Stall;4;6;6_F2019;1417;F2019
5857;Stall;4;6;6_F2019;772;F2019
5857;Stall;5;6;6_F2019;634;F2019
5857;Stall;5;6;6_F2019;658;F2019
5857;Stall;5;6;6_F2019;647;F2019
5857;Stall;5;6;6_F2019;541;F2019
5857;Stall;5;6;6_F2019;567;F2019
5862;Stall;1;5;5_F2019;138;F2019
5862;Stall;1;5;5_F2019;111;F2019
5862;Stall;1;5;5_F2019;172;F2019
5862;Stall;1;5;5_F2019;166;F2019
5862;Stall;2;5;5_F2019;158;F2019
5862;Stall;2;5;5_F2019;181;F2019
5862;Stall;2;5;5_F2019;191;F2019
5862;Stall;2;5;5_F2019;335;F2019
5862;Stall;2;5;5_F2019;367;F2019
5862;Stall;3;5;5_F2019;488;F2019
5862;Stall;3;5;5_F2019;560;F2019
5862;Stall;3;5;5_F2019;555;F2019
5862;Stall;3;5;5_F2019;502;F2019
5862;Stall;3;5;5_F2019;341;F2019
5862;Stall;4;5;5_F2019;392;F2019
5862;Stall;4;5;5_F2019;557;F2019
5862;Stall;4;5;5_F2019;356;F2019
5862;Stall;4;5;5_F2019;376;F2019
5862;Stall;4;5;5_F2019;373;F2019
5862;Stall;5;5;5_F2019;311;F2019
5862;Stall;5;5;5_F2019;341;F2019
5862;Stall;5;5;5_F2019;236;F2019
5862;Stall;5;5;5_F2019;327;F2019
5862;Stall;5;5;5_F2019;466;F2019
5870;Stall;1;5;5_F2019;617;F2019
5870;Stall;1;5;5_F2019;541;F2019
5870;Stall;1;5;5_F2019;736;F2019
5870;Stall;1;5;5_F2019;515;F2019
5870;Stall;2;5;5_F2019;477;F2019
5870;Stall;2;5;5_F2019;513;F2019
5870;Stall;2;5;5_F2019;548;F2019
5870;Stall;2;5;5_F2019;448;F2019
5870;Stall;2;5;5_F2019;279;F2019
5870;Stall;3;5;5_F2019;263;F2019
5870;Stall;3;5;5_F2019;317;F2019
5870;Stall;3;5;5_F2019;322;F2019
5870;Stall;3;5;5_F2019;602;F2019
5870;Stall;3;5;5_F2019;795;F2019
5870;Stall;4;5;5_F2019;733;F2019
5870;Stall;4;5;5_F2019;815;F2019
5870;Stall;4;5;5_F2019;840;F2019
5870;Stall;4;5;5_F2019;496;F2019
5870;Stall;4;5;5_F2019;467;F2019
5870;Stall;5;5;5_F2019;404;F2019
5870;Stall;5;5;5_F2019;442;F2019
5870;Stall;5;5;5_F2019;463;F2019
5870;Stall;5;5;5_F2019;481;F2019
5870;Stall;5;5;5_F2019;473;F2019
5871;Stall;1;6;6_F2019;375;F2019
5871;Stall;1;6;6_F2019;355;F2019
5871;Stall;1;6;6_F2019;345;F2019
5871;Stall;1;6;6_F2019;300;F2019
5871;Stall;2;6;6_F2019;228;F2019
5871;Stall;2;6;6_F2019;297;F2019
5871;Stall;2;6;6_F2019;243;F2019
5871;Stall;2;6;6_F2019;233;F2019
5871;Stall;2;6;6_F2019;409;F2019
5871;Stall;3;6;6_F2019;498;F2019
5871;Stall;3;6;6_F2019;484;F2019
5871;Stall;3;6;6_F2019;543;F2019
5871;Stall;3;6;6_F2019;511;F2019
5871;Stall;3;6;6_F2019;589;F2019
5871;Stall;4;6;6_F2019;546;F2019
5871;Stall;4;6;6_F2019;680;F2019
5871;Stall;4;6;6_F2019;619;F2019
5871;Stall;4;6;6_F2019;720;F2019
5871;Stall;4;6;6_F2019;465;F2019
5871;Stall;5;6;6_F2019;319;F2019
5871;Stall;5;6;6_F2019;422;F2019
5871;Stall;5;6;6_F2019;288;F2019
5871;Stall;5;6;6_F2019;333;F2019
5871;Stall;5;6;6_F2019;351;F2019
5872;Stall;1;4;4_F2019;1251;F2019
5872;Stall;1;4;4_F2019;967;F2019
5872;Stall;1;4;4_F2019;922;F2019
5872;Stall;1;4;4_F2019;993;F2019
5872;Stall;2;4;4_F2019;897;F2019
5872;Stall;2;4;4_F2019;704;F2019
5872;Stall;3;4;4_F2019;633;F2019
5872;Stall;3;4;4_F2019;621;F2019
5872;Stall;4;4;4_F2019;509;F2019
5872;Stall;4;4;4_F2019;418;F2019
5872;Stall;4;4;4_F2019;654;F2019
5872;Stall;4;4;4_F2019;569;F2019
5872;Stall;5;4;4_F2019;716;F2019
5872;Stall;5;4;4_F2019;656;F2019
5872;Stall;5;4;4_F2019;712;F2019
5872;Stall;5;4;4_F2019;1802;F2019
5872;Stall;5;4;4_F2019;1091;F2019
821;Stall;1;5;5_F2019;746;F2019
821;Stall;1;5;5_F2019;871;F2019
821;Stall;1;5;5_F2019;1057;F2019
821;Stall;1;5;5_F2019;878;F2019
821;Stall;2;5;5_F2019;700;F2019
821;Stall;2;5;5_F2019;957;F2019
821;Stall;2;5;5_F2019;1258;F2019
821;Stall;2;5;5_F2019;838;F2019
821;Stall;2;5;5_F2019;993;F2019
821;Stall;3;5;5_F2019;1196;F2019
821;Stall;3;5;5_F2019;1482;F2019
821;Stall;3;5;5_F2019;1294;F2019
821;Stall;3;5;5_F2019;1355;F2019
821;Stall;3;5;5_F2019;1320;F2019
821;Stall;4;5;5_F2019;2509;F2019
821;Stall;4;5;5_F2019;2087;F2019
821;Stall;4;5;5_F2019;2510;F2019
821;Stall;4;5;5_F2019;2006;F2019
821;Stall;4;5;5_F2019;1194;F2019
821;Stall;5;5;5_F2019;1479;F2019
821;Stall;5;5;5_F2019;1243;F2019
821;Stall;5;5;5_F2019;1515;F2019
821;Stall;5;5;5_F2019;1601;F2019
821;Stall;5;5;5_F2019;1639;F2019
8500;Stall;1;6;6_F2019;20;F2019
8500;Stall;1;6;6_F2019;6;F2019
8500;Stall;1;6;6_F2019;15;F2019
8500;Stall;1;6;6_F2019;20;F2019
8500;Stall;2;6;6_F2019;7;F2019
8500;Stall;2;6;6_F2019;135;F2019
8500;Stall;2;6;6_F2019;165;F2019
8500;Stall;2;6;6_F2019;156;F2019
8500;Stall;3;6;6_F2019;187;F2019
8500;Stall;3;6;6_F2019;169;F2019
8500;Stall;3;6;6_F2019;100;F2019
8500;Stall;3;6;6_F2019;61;F2019
8500;Stall;3;6;6_F2019;61;F2019
8500;Stall;4;6;6_F2019;66;F2019
8500;Stall;4;6;6_F2019;74;F2019
8500;Stall;4;6;6_F2019;95;F2019
8500;Stall;4;6;6_F2019;80;F2019
8500;Stall;4;6;6_F2019;80;F2019
8500;Stall;5;6;6_F2019;68;F2019
8500;Stall;5;6;6_F2019;108;F2019
8500;Stall;5;6;6_F2019;65;F2019
8500;Stall;5;6;6_F2019;98;F2019
8500;Stall;5;6;6_F2019;150;F2019
8501;Stall;1;4;4_F2019;611;F2019
8501;Stall;1;4;4_F2019;561;F2019
8501;Stall;1;4;4_F2019;570;F2019
8501;Stall;1;4;4_F2019;611;F2019
8501;Stall;2;4;4_F2019;588;F2019
8501;Stall;2;4;4_F2019;555;F2019
8501;Stall;2;4;4_F2019;470;F2019
8501;Stall;2;4;4_F2019;357;F2019
8501;Stall;2;4;4_F2019;333;F2019
8501;Stall;3;4;4_F2019;352;F2019
8501;Stall;3;4;4_F2019;321;F2019
8501;Stall;3;4;4_F2019;396;F2019
8501;Stall;3;4;4_F2019;504;F2019
8501;Stall;3;4;4_F2019;413;F2019
8501;Stall;4;4;4_F2019;492;F2019
8501;Stall;4;4;4_F2019;623;F2019
8501;Stall;4;4;4_F2019;647;F2019
8501;Stall;4;4;4_F2019;559;F2019
8501;Stall;4;4;4_F2019;618;F2019
8501;Stall;5;4;4_F2019;477;F2019
8501;Stall;5;4;4_F2019;593;F2019
8501;Stall;5;4;4_F2019;609;F2019
8501;Stall;5;4;4_F2019;825;F2019
8501;Stall;5;4;4_F2019;605;F2019
8525;Stall;1;1;1_F2019;177;F2019
8525;Stall;1;1;1_F2019;206;F2019
8525;Stall;1;1;1_F2019;243;F2019
8525;Stall;1;1;1_F2019;258;F2019
8525;Stall;2;1;1_F2019;291;F2019
8525;Stall;2;1;1_F2019;447;F2019
8525;Stall;2;1;1_F2019;402;F2019
8525;Stall;2;1;1_F2019;392;F2019
8525;Stall;2;1;1_F2019;395;F2019
8525;Stall;3;1;1_F2019;297;F2019
8525;Stall;3;1;1_F2019;280;F2019
8525;Stall;3;1;1_F2019;261;F2019
8525;Stall;3;1;1_F2019;278;F2019
8525;Stall;3;1;1_F2019;285;F2019
8525;Stall;4;1;1_F2019;273;F2019
8525;Stall;4;1;1_F2019;415;F2019
8525;Stall;4;1;1_F2019;329;F2019
8525;Stall;4;1;1_F2019;364;F2019
8525;Stall;4;1;1_F2019;337;F2019
8525;Stall;5;1;1_F2019;339;F2019
8525;Stall;5;1;1_F2019;432;F2019
8525;Stall;5;1;1_F2019;270;F2019
8525;Stall;5;1;1_F2019;299;F2019
8525;Stall;5;1;1_F2019;432;F2019
8531;Stall;1;1;1_F2019;533;F2019
8531;Stall;1;1;1_F2019;407;F2019
8531;Stall;1;1;1_F2019;576;F2019
8531;Stall;1;1;1_F2019;537;F2019
8531;Stall;2;1;1_F2019;506;F2019
8531;Stall;2;1;1_F2019;513;F2019
8531;Stall;2;1;1_F2019;541;F2019
8531;Stall;2;1;1_F2019;516;F2019
8531;Stall;2;1;1_F2019;613;F2019
8531;Stall;3;1;1_F2019;543;F2019
8531;Stall;3;1;1_F2019;508;F2019
8531;Stall;3;1;1_F2019;681;F2019
8531;Stall;3;1;1_F2019;482;F2019
8531;Stall;3;1;1_F2019;564;F2019
8531;Stall;4;1;1_F2019;459;F2019
8531;Stall;4;1;1_F2019;319;F2019
8531;Stall;4;1;1_F2019;333;F2019
8531;Stall;4;1;1_F2019;289;F2019
8531;Stall;4;1;1_F2019;310;F2019
8531;Stall;5;1;1_F2019;385;F2019
8531;Stall;5;1;1_F2019;467;F2019
8531;Stall;5;1;1_F2019;345;F2019
8531;Stall;5;1;1_F2019;454;F2019
8531;Stall;5;1;1_F2019;652;F2019
8536;Stall;1;2;2_F2019;285;F2019
8536;Stall;1;2;2_F2019;230;F2019
8536;Stall;1;2;2_F2019;235;F2019
8536;Stall;1;2;2_F2019;259;F2019
8536;Stall;2;2;2_F2019;485;F2019
8536;Stall;2;2;2_F2019;623;F2019
8536;Stall;2;2;2_F2019;659;F2019
8536;Stall;2;2;2_F2019;620;F2019
8536;Stall;2;2;2_F2019;591;F2019
8536;Stall;3;2;2_F2019;468;F2019
8536;Stall;3;2;2_F2019;437;F2019
8536;Stall;3;2;2_F2019;380;F2019
8536;Stall;3;2;2_F2019;525;F2019
8536;Stall;3;2;2_F2019;380;F2019
8536;Stall;4;2;2_F2019;396;F2019
8536;Stall;4;2;2_F2019;490;F2019
8536;Stall;4;2;2_F2019;432;F2019
8536;Stall;4;2;2_F2019;409;F2019
8536;Stall;4;2;2_F2019;427;F2019
8536;Stall;5;2;2_F2019;458;F2019
8536;Stall;5;2;2_F2019;448;F2019
8536;Stall;5;2;2_F2019;420;F2019
8536;Stall;5;2;2_F2019;481;F2019
8536;Stall;5;2;2_F2019;448;F2019
